page	siteUrl	claimUrl
bannerghatta/child-education-plan	https://hidden-halo-8mxw.here.now/	https://here.now/c/2LXy-VPfyJrxtHlT
bannerghatta/claim-support	https://jolly-gable-ge3j.here.now/	https://here.now/c/Zc7VnTbV6z2SshUb
bannerghatta/health-insurance	https://spicy-tropic-nsbr.here.now/	https://here.now/c/yqfSyMtb-K3Rs_0s
bannerghatta/investment-plans	https://liminal-vortex-68jr.here.now/	https://here.now/c/TYVkXSfXMePhJUYk
bannerghatta/life-insurance	https://tender-ether-ns2c.here.now/	https://here.now/c/FHaYIKSFb4RCF9Xs
bannerghatta/motor-insurance	https://mineral-guitar-6wv9.here.now/	https://here.now/c/S5VvAlc_MEuYPND9
bannerghatta/pension-plans	https://polite-lantern-rah9.here.now/	https://here.now/c/fY3gcTt3YR9YfAsm
bannerghatta/policy-review	https://radiant-jungle-ctc2.here.now/	https://here.now/c/gGOgY_7l83psYhvj
bannerghatta/professional-indemnity	https://sonic-nirvana-274e.here.now/	https://here.now/c/vLu3n8YGTmDPpqgQ
bannerghatta/sme-insurance	https://supple-trellis-tffs.here.now/	https://here.now/c/UxzCPgP2MExg63Ic
bannerghatta/term-insurance	https://silken-ferry-cnca.here.now/	https://here.now/c/dW68epZGFP_lug84
bannerghatta/travel-insurance	https://calm-lotus-w5j7.here.now/	https://here.now/c/eM-QwU15AtqLUua0
bannerghatta/ulip-plans	https://bitter-karma-a5zt.here.now/	https://here.now/c/omJJFp8Ko1nwDau7
bellandur/child-education-plan	https://ivory-fossil-px6g.here.now/	https://here.now/c/3IGloy1MnEJoJbCP
bellandur/claim-support	https://calm-entry-y369.here.now/	https://here.now/c/dDrWB1QpNmFgUgjC
bellandur/health-insurance	https://unfold-crystal-tgw7.here.now/	https://here.now/c/amqtzdvZnEI3QkWf
bellandur/investment-plans	https://pure-nimbus-xmds.here.now/	https://here.now/c/XfPoKO55A9raS4dy
bellandur/life-insurance	https://astral-crest-8bfe.here.now/	https://here.now/c/fpvCY4RVJy6ruEQh
bellandur/motor-insurance	https://mighty-cedar-j7v5.here.now/	https://here.now/c/2gtMzZOdEbQIKemC
bellandur/pension-plans	https://presto-hazel-av49.here.now/	https://here.now/c/SLQM523TI0WRq85D
bellandur/policy-review	https://flint-crystal-7tgv.here.now/	https://here.now/c/dJnwLAfPRyCYPUfG
bellandur/professional-indemnity	https://centered-nutmeg-7sjs.here.now/	https://here.now/c/HDf9ovpMLq4p7flZ
bellandur/sme-insurance	https://sturdy-prana-3sa2.here.now/	https://here.now/c/f2a86caL2xkwVPHr
bellandur/term-insurance	https://nimble-zinnia-7aam.here.now/	https://here.now/c/wyffHvyXQlbQm27g
bellandur/travel-insurance	https://russet-mortar-7x44.here.now/	https://here.now/c/RouvuOUPsVuKzl0y
bellandur/ulip-plans	https://zen-mosaic-cyyb.here.now/	https://here.now/c/79gycFg55GNg6H0k
devanahalli/child-education-plan	https://arctic-nebula-xsxg.here.now/	https://here.now/c/EYURqSASx8M0z10t
devanahalli/claim-support	https://hazy-virtue-xymh.here.now/	https://here.now/c/Be-JXmQmnPIBw-Sc
devanahalli/health-insurance	https://rising-savoy-s2sr.here.now/	https://here.now/c/Eq3LjAa32T65_KeO
devanahalli/investment-plans	https://plucky-birch-hcsp.here.now/	https://here.now/c/dmxkQn6cyWL6NMl1
devanahalli/life-insurance	https://ubuntu-pagoda-zyx7.here.now/	https://here.now/c/4_acTFOic9rbP3KH
devanahalli/motor-insurance	https://blazing-crystal-yx68.here.now/	https://here.now/c/XReUCoOlE7vglWA3
devanahalli/pension-plans	https://flowing-ether-c6n9.here.now/	https://here.now/c/Na-2mo7KJEN6W6xP
devanahalli/policy-review	https://hallowed-larch-x685.here.now/	https://here.now/c/gRGzFnrv8xRAfJTj
devanahalli/professional-indemnity	https://happy-tundra-tmxd.here.now/	https://here.now/c/F_lsHmjple1UApeb
devanahalli/sme-insurance	https://mighty-pagoda-7b2v.here.now/	https://here.now/c/oGFPwcDdB1bpEjwd
devanahalli/term-insurance	https://tidal-lasso-cksd.here.now/	https://here.now/c/PaX_Yv-9GxohNTBQ
devanahalli/travel-insurance	https://stormy-laurel-b874.here.now/	https://here.now/c/nsQ-e5yiSVLgnipK
devanahalli/ulip-plans	https://urban-urchin-r9b7.here.now/	https://here.now/c/VI52bnq8idu7iXru
electronic-city/child-education-plan	https://centered-yoga-ma3w.here.now/	https://here.now/c/P8Iu69Czlgq4FoN6
electronic-city/claim-support	https://present-quail-3j5j.here.now/	https://here.now/c/Lcy0RW57P0N6DRoE
electronic-city/health-insurance	https://onyx-quiche-77bp.here.now/	https://here.now/c/DcQYdUXxbVVek2v9
electronic-city/investment-plans	https://urban-inlet-nj68.here.now/	https://here.now/c/n01-F7hByFFK_VJR
electronic-city/life-insurance	https://dewy-pumice-xd79.here.now/	https://here.now/c/no0nAL-t6_O_FLJc
electronic-city/motor-insurance	https://meadow-bridge-mkdm.here.now/	https://here.now/c/rphzj0Xfvuxqm8Tq
electronic-city/pension-plans	https://zephyr-zinnia-xeg8.here.now/	https://here.now/c/edQReaT35yNTs_PM
electronic-city/policy-review	https://royal-rafter-a69s.here.now/	https://here.now/c/1SH0umbjYYjxWfbK
electronic-city/professional-indemnity	https://hallowed-mustard-szmj.here.now/	https://here.now/c/fJv6XHuUIVisygxk
electronic-city/sme-insurance	https://indigo-ginger-2p59.here.now/	https://here.now/c/VRmdIVWG-x_f6KEZ
electronic-city/term-insurance	https://hearty-thicket-pzh8.here.now/	https://here.now/c/ghNpmsSOWqrP3GxR
electronic-city/travel-insurance	https://cozy-violet-6bzx.here.now/	https://here.now/c/RVBnZNgpJRw-SrGo
electronic-city/ulip-plans	https://gentle-tinsel-ebxs.here.now/	https://here.now/c/m6Nqatp4Hakik8nA
hebbal/child-education-plan	https://mystic-echo-4w2j.here.now/	https://here.now/c/AmJYc5Xohy_nNfqI
hebbal/claim-support	https://devoted-sage-pe7c.here.now/	https://here.now/c/qv8H4J8vfrH5RZ1K
hebbal/health-insurance	https://sunny-signal-6cpq.here.now/	https://here.now/c/VJ_-QPsxNf59d7FO
hebbal/investment-plans	https://sturdy-truffle-vs22.here.now/	https://here.now/c/tIaDE3rfv2LVNLjr
hebbal/life-insurance	https://trusty-vessel-zdt5.here.now/	https://here.now/c/ie_WL3lMYoqyWJBj
hebbal/motor-insurance	https://rising-quarry-7shp.here.now/	https://here.now/c/_L7AnxTumY85Rq56
hebbal/pension-plans	https://inner-glacier-yz9d.here.now/	https://here.now/c/zbpAeuKwjic0FkhO
hebbal/policy-review	https://rosy-vow-v97f.here.now/	https://here.now/c/BC7xrkhgwx0vnjY6
hebbal/professional-indemnity	https://tidal-bonnet-m3yn.here.now/	https://here.now/c/03wdX5mP4N3h2A5R
hebbal/sme-insurance	https://lively-vortex-str2.here.now/	https://here.now/c/GjjPRAfElZ7TytBj
hebbal/term-insurance	https://steady-sorbet-eqdz.here.now/	https://here.now/c/3PBQTWkwKvw5g71q
hebbal/travel-insurance	https://olive-mudra-3j8a.here.now/	https://here.now/c/wNM1H1AIHPlwo3L-
hebbal/ulip-plans	https://quick-quill-hadg.here.now/	https://here.now/c/AAWGN0ZjZRz6xDE4
hsr-layout/child-education-plan	https://spicy-comet-schf.here.now/	https://here.now/c/YWg7KyrZwwoZF9uV
hsr-layout/claim-support	https://opaque-denim-7pqr.here.now/	https://here.now/c/Io86v9rmgBxsnPF4
hsr-layout/health-insurance	https://blissful-ritual-xb4j.here.now/	https://here.now/c/FT9PRc8UTyIs5VcC
hsr-layout/investment-plans	https://sable-cosmos-94bx.here.now/	https://here.now/c/4wQhhWmts3qWd2h0
hsr-layout/life-insurance	https://marine-bonnet-m9nw.here.now/	https://here.now/c/6dcLGEmRGa8dGVw2
hsr-layout/motor-insurance	https://evoked-pagoda-wgq3.here.now/	https://here.now/c/xfw_8yS6c7S3BgXV
hsr-layout/pension-plans	https://marble-medley-hbm4.here.now/	https://here.now/c/iIvcqjPeaG8rD1kW
hsr-layout/policy-review	https://spruce-cliff-hfv7.here.now/	https://here.now/c/Q8Zp6ujgzmgLFBfg
hsr-layout/professional-indemnity	https://yearly-bloom-9sfm.here.now/	https://here.now/c/t-mPpGBDuqkHzHE5
hsr-layout/sme-insurance	https://cosmic-coral-aedh.here.now/	https://here.now/c/pNSe0gdaqDdeX1VH
hsr-layout/term-insurance	https://sonic-tropic-agz6.here.now/	https://here.now/c/kKUt281p4uyHS1kR
hsr-layout/travel-insurance	https://subtle-ledger-hsss.here.now/	https://here.now/c/PIzh_kJ4nhlXe3qG
hsr-layout/ulip-plans	https://ebony-quail-gw72.here.now/	https://here.now/c/Gc4nodix3ZC-E7_F
indiranagar/child-education-plan	https://plucky-quarry-q9py.here.now/	https://here.now/c/q7wRCCWQN-C8lC2K
indiranagar/claim-support	https://brisk-fossil-9ggs.here.now/	https://here.now/c/NG6SsboVl6crQAPa
indiranagar/health-insurance	https://chilly-paddle-evhx.here.now/	https://here.now/c/76A5nhFi0Y9ePZSi
indiranagar/investment-plans	https://happy-larch-stmd.here.now/	https://here.now/c/TLlxy5-n1jsv_QbU
indiranagar/life-insurance	https://opaque-pagoda-5nes.here.now/	https://here.now/c/xC8f25jolFF_y_ZA
indiranagar/motor-insurance	https://crystal-tablet-br3q.here.now/	https://here.now/c/K_B2GsdLi-n2wM6X
indiranagar/pension-plans	https://whimsy-refuge-xwt6.here.now/	https://here.now/c/vfKJlmuVx_moJP_0
indiranagar/policy-review	https://lilac-marsh-h6kk.here.now/	https://here.now/c/zApSdp77ZmgO2fVi
indiranagar/professional-indemnity	https://coral-tulip-9wmm.here.now/	https://here.now/c/dxuwFTViXjlgJ1Uq
indiranagar/sme-insurance	https://unfold-scroll-cmjj.here.now/	https://here.now/c/kKCbvCTiSdbpnfyZ
indiranagar/term-insurance	https://swift-bonnet-jtet.here.now/	https://here.now/c/8JKu5l2VeL-BJkqI
indiranagar/travel-insurance	https://astral-quartz-zzhh.here.now/	https://here.now/c/8WL_g4Xz6kWhR1nq
indiranagar/ulip-plans	https://sunny-kitten-r3qt.here.now/	https://here.now/c/4YmrVlNtp3_vxrbJ
jayanagar/child-education-plan	https://regal-clover-cp9j.here.now/	https://here.now/c/BH_gdEM8J_B1DKpX
jayanagar/claim-support	https://blazing-memoir-4zrd.here.now/	https://here.now/c/plh6-uCpOIqXiD4V
jayanagar/health-insurance	https://nimble-rivulet-zvjc.here.now/	https://here.now/c/8upPXMiT20xWqck8
jayanagar/investment-plans	https://waking-jasper-rdj6.here.now/	https://here.now/c/Y6ka4XTXhuigiw5Q
jayanagar/life-insurance	https://dapper-palm-w4qp.here.now/	https://here.now/c/-h2rOjY65fiDdLOR
jayanagar/motor-insurance	https://jade-diner-zt5m.here.now/	https://here.now/c/1JEjMqH-B0Sax4P1
jayanagar/pension-plans	https://orchid-castle-4mkh.here.now/	https://here.now/c/yLXl8XBynIGZ43xN
jayanagar/policy-review	https://smooth-portal-6vnk.here.now/	https://here.now/c/9ZLwSpsAEcHb1r-w
jayanagar/professional-indemnity	https://serene-lantern-k5hb.here.now/	https://here.now/c/8QQquIXSY06nBjlI
jayanagar/sme-insurance	https://pastel-badge-96tf.here.now/	https://here.now/c/PSbba4-XtxrePS2r
jayanagar/term-insurance	https://quick-raven-nb5a.here.now/	https://here.now/c/_KJzwG8EZnrKBQgm
jayanagar/travel-insurance	https://ivory-ritual-sgwh.here.now/	https://here.now/c/1264lrfj7lgZcotE
jayanagar/ulip-plans	https://cedar-grace-enrt.here.now/	https://here.now/c/ppvlci4Cj94e3xnh
jp-nagar/child-education-plan	https://quartz-hill-9qpk.here.now/	https://here.now/c/u8M6lImCZ9wayIDq
jp-nagar/claim-support	https://meadow-thicket-fnn9.here.now/	https://here.now/c/dC1M1nIBFACHaYOB
jp-nagar/health-insurance	https://jolly-bugle-29me.here.now/	https://here.now/c/_b-s5a8M6L74YOEk
jp-nagar/investment-plans	https://alpine-ripple-rfqc.here.now/	https://here.now/c/jb6E2eGFB2iH7k2u
jp-nagar/life-insurance	https://indigo-bonnet-qta7.here.now/	https://here.now/c/apm-zMNV5dsmyJuf
jp-nagar/motor-insurance	https://onyx-incense-gdbh.here.now/	https://here.now/c/G5BWK8U3-q7dCu3y
jp-nagar/pension-plans	https://astral-spirit-efg3.here.now/	https://here.now/c/G9ITa9iLapriGgwp
jp-nagar/policy-review	https://flowing-entry-28d7.here.now/	https://here.now/c/_YKkiFY6FKma9BDE
jp-nagar/professional-indemnity	https://minty-jubilee-ybxx.here.now/	https://here.now/c/htaRey5cjn9zcHgP
jp-nagar/sme-insurance	https://plush-pickle-rmaf.here.now/	https://here.now/c/RVyud_Gw1okaSqwJ
jp-nagar/term-insurance	https://frosty-geyser-ejkq.here.now/	https://here.now/c/yEKWvdLT5uJEy8Lc
jp-nagar/travel-insurance	https://happy-nebula-63xv.here.now/	https://here.now/c/jEXFQyoxIMWKlpYA
jp-nagar/ulip-plans	https://earthy-pagoda-z7yp.here.now/	https://here.now/c/H5aJ8BTDXBissy7l
koramangala/child-education-plan	https://gentle-jubilee-8g8t.here.now/	https://here.now/c/OB6NFbAO_f_oQ8ZN
koramangala/claim-support	https://regal-slate-z6db.here.now/	https://here.now/c/yCawqNo43YnBIyO7
koramangala/health-insurance	https://flowing-portal-yhh2.here.now/	https://here.now/c/atYEE_w3yuBfRhYm
koramangala/investment-plans	https://supple-quiche-9wxa.here.now/	https://here.now/c/SWwHVcCzX7ip7dNq
koramangala/life-insurance	https://jazzy-tropic-edhd.here.now/	https://here.now/c/dmHQiVnOmoXZNu7B
koramangala/motor-insurance	https://mineral-fable-6fkd.here.now/	https://here.now/c/sBuiSLogRIMOiRWX